system:index,date,.geo
0,1984-12-24,"{""type"":""MultiPoint"",""coordinates"":[]}"
1,1985-07-27,"{""type"":""MultiPoint"",""coordinates"":[]}"
2,1986-01-28,"{""type"":""MultiPoint"",""coordinates"":[]}"
3,1986-02-13,"{""type"":""MultiPoint"",""coordinates"":[]}"
4,1986-03-17,"{""type"":""MultiPoint"",""coordinates"":[]}"
5,1986-04-02,"{""type"":""MultiPoint"",""coordinates"":[]}"
6,1986-05-20,"{""type"":""MultiPoint"",""coordinates"":[]}"
7,1986-06-05,"{""type"":""MultiPoint"",""coordinates"":[]}"
8,1986-07-23,"{""type"":""MultiPoint"",""coordinates"":[]}"
9,1986-07-30,"{""type"":""MultiPoint"",""coordinates"":[]}"
10,1986-08-15,"{""type"":""MultiPoint"",""coordinates"":[]}"
11,1986-08-31,"{""type"":""MultiPoint"",""coordinates"":[]}"
12,1986-09-09,"{""type"":""MultiPoint"",""coordinates"":[]}"
13,1986-10-11,"{""type"":""MultiPoint"",""coordinates"":[]}"
14,1986-11-03,"{""type"":""MultiPoint"",""coordinates"":[]}"
15,1986-11-03,"{""type"":""MultiPoint"",""coordinates"":[]}"
16,1986-11-12,"{""type"":""MultiPoint"",""coordinates"":[]}"
17,1986-11-28,"{""type"":""MultiPoint"",""coordinates"":[]}"
18,1986-12-14,"{""type"":""MultiPoint"",""coordinates"":[]}"
19,1986-12-30,"{""type"":""MultiPoint"",""coordinates"":[]}"
20,1987-01-15,"{""type"":""MultiPoint"",""coordinates"":[]}"
21,1987-01-31,"{""type"":""MultiPoint"",""coordinates"":[]}"
22,1987-02-07,"{""type"":""MultiPoint"",""coordinates"":[]}"
23,1987-02-07,"{""type"":""MultiPoint"",""coordinates"":[]}"
24,1987-03-27,"{""type"":""MultiPoint"",""coordinates"":[]}"
25,1987-03-27,"{""type"":""MultiPoint"",""coordinates"":[]}"
26,1987-11-06,"{""type"":""MultiPoint"",""coordinates"":[]}"
27,1987-11-06,"{""type"":""MultiPoint"",""coordinates"":[]}"
28,1987-11-15,"{""type"":""MultiPoint"",""coordinates"":[]}"
29,1988-01-02,"{""type"":""MultiPoint"",""coordinates"":[]}"
30,1988-01-18,"{""type"":""MultiPoint"",""coordinates"":[]}"
31,1988-02-19,"{""type"":""MultiPoint"",""coordinates"":[]}"
32,1988-03-29,"{""type"":""MultiPoint"",""coordinates"":[]}"
33,1988-04-07,"{""type"":""MultiPoint"",""coordinates"":[]}"
34,1988-04-30,"{""type"":""MultiPoint"",""coordinates"":[]}"
35,1988-04-30,"{""type"":""MultiPoint"",""coordinates"":[]}"
36,1988-05-16,"{""type"":""MultiPoint"",""coordinates"":[]}"
37,1988-05-16,"{""type"":""MultiPoint"",""coordinates"":[]}"
38,1988-05-25,"{""type"":""MultiPoint"",""coordinates"":[]}"
39,1988-06-01,"{""type"":""MultiPoint"",""coordinates"":[]}"
40,1988-06-01,"{""type"":""MultiPoint"",""coordinates"":[]}"
41,1988-06-10,"{""type"":""MultiPoint"",""coordinates"":[]}"
42,1988-08-04,"{""type"":""MultiPoint"",""coordinates"":[]}"
43,1988-08-04,"{""type"":""MultiPoint"",""coordinates"":[]}"
44,1988-08-20,"{""type"":""MultiPoint"",""coordinates"":[]}"
45,1988-08-20,"{""type"":""MultiPoint"",""coordinates"":[]}"
46,1988-09-05,"{""type"":""MultiPoint"",""coordinates"":[]}"
47,1988-09-05,"{""type"":""MultiPoint"",""coordinates"":[]}"
48,1988-09-14,"{""type"":""MultiPoint"",""coordinates"":[]}"
49,1988-09-30,"{""type"":""MultiPoint"",""coordinates"":[]}"
50,1988-10-23,"{""type"":""MultiPoint"",""coordinates"":[]}"
51,1988-10-23,"{""type"":""MultiPoint"",""coordinates"":[]}"
52,1988-11-01,"{""type"":""MultiPoint"",""coordinates"":[]}"
53,1988-11-17,"{""type"":""MultiPoint"",""coordinates"":[]}"
54,1988-12-03,"{""type"":""MultiPoint"",""coordinates"":[]}"
55,1988-12-19,"{""type"":""MultiPoint"",""coordinates"":[]}"
56,1989-01-20,"{""type"":""MultiPoint"",""coordinates"":[]}"
57,1989-02-05,"{""type"":""MultiPoint"",""coordinates"":[]}"
58,1989-03-25,"{""type"":""MultiPoint"",""coordinates"":[]}"
59,1989-04-10,"{""type"":""MultiPoint"",""coordinates"":[]}"
60,1989-04-17,"{""type"":""MultiPoint"",""coordinates"":[]}"
61,1989-04-26,"{""type"":""MultiPoint"",""coordinates"":[]}"
62,1989-08-16,"{""type"":""MultiPoint"",""coordinates"":[]}"
63,1989-09-17,"{""type"":""MultiPoint"",""coordinates"":[]}"
64,1989-09-24,"{""type"":""MultiPoint"",""coordinates"":[]}"
65,1989-10-03,"{""type"":""MultiPoint"",""coordinates"":[]}"
66,1989-10-19,"{""type"":""MultiPoint"",""coordinates"":[]}"
67,1989-11-04,"{""type"":""MultiPoint"",""coordinates"":[]}"
68,1989-11-20,"{""type"":""MultiPoint"",""coordinates"":[]}"
69,1989-12-22,"{""type"":""MultiPoint"",""coordinates"":[]}"
70,1990-01-23,"{""type"":""MultiPoint"",""coordinates"":[]}"
71,1990-04-13,"{""type"":""MultiPoint"",""coordinates"":[]}"
72,1990-04-29,"{""type"":""MultiPoint"",""coordinates"":[]}"
73,1990-05-06,"{""type"":""MultiPoint"",""coordinates"":[]}"
74,1990-05-31,"{""type"":""MultiPoint"",""coordinates"":[]}"
75,1990-06-07,"{""type"":""MultiPoint"",""coordinates"":[]}"
76,1990-06-07,"{""type"":""MultiPoint"",""coordinates"":[]}"
77,1990-06-16,"{""type"":""MultiPoint"",""coordinates"":[]}"
78,1990-07-09,"{""type"":""MultiPoint"",""coordinates"":[]}"
79,1990-07-09,"{""type"":""MultiPoint"",""coordinates"":[]}"
80,1990-07-25,"{""type"":""MultiPoint"",""coordinates"":[]}"
81,1990-07-25,"{""type"":""MultiPoint"",""coordinates"":[]}"
82,1990-08-19,"{""type"":""MultiPoint"",""coordinates"":[]}"
83,1990-09-11,"{""type"":""MultiPoint"",""coordinates"":[]}"
84,1990-09-11,"{""type"":""MultiPoint"",""coordinates"":[]}"
85,1990-10-22,"{""type"":""MultiPoint"",""coordinates"":[]}"
86,1990-11-14,"{""type"":""MultiPoint"",""coordinates"":[]}"
87,1990-12-09,"{""type"":""MultiPoint"",""coordinates"":[]}"
88,1991-01-10,"{""type"":""MultiPoint"",""coordinates"":[]}"
89,1991-01-26,"{""type"":""MultiPoint"",""coordinates"":[]}"
90,1991-02-02,"{""type"":""MultiPoint"",""coordinates"":[]}"
91,1991-02-11,"{""type"":""MultiPoint"",""coordinates"":[]}"
92,1991-02-27,"{""type"":""MultiPoint"",""coordinates"":[]}"
93,1991-03-15,"{""type"":""MultiPoint"",""coordinates"":[]}"
94,1991-04-23,"{""type"":""MultiPoint"",""coordinates"":[]}"
95,1991-04-23,"{""type"":""MultiPoint"",""coordinates"":[]}"
96,1991-05-18,"{""type"":""MultiPoint"",""coordinates"":[]}"
97,1991-07-05,"{""type"":""MultiPoint"",""coordinates"":[]}"
98,1991-07-12,"{""type"":""MultiPoint"",""coordinates"":[]}"
99,1991-08-22,"{""type"":""MultiPoint"",""coordinates"":[]}"
100,1991-09-07,"{""type"":""MultiPoint"",""coordinates"":[]}"
101,1991-09-23,"{""type"":""MultiPoint"",""coordinates"":[]}"
102,1991-09-30,"{""type"":""MultiPoint"",""coordinates"":[]}"
103,1991-09-30,"{""type"":""MultiPoint"",""coordinates"":[]}"
104,1991-10-09,"{""type"":""MultiPoint"",""coordinates"":[]}"
105,1991-10-25,"{""type"":""MultiPoint"",""coordinates"":[]}"
106,1992-01-29,"{""type"":""MultiPoint"",""coordinates"":[]}"
107,1992-04-18,"{""type"":""MultiPoint"",""coordinates"":[]}"
108,1992-06-12,"{""type"":""MultiPoint"",""coordinates"":[]}"
109,1992-07-14,"{""type"":""MultiPoint"",""coordinates"":[]}"
110,1992-07-14,"{""type"":""MultiPoint"",""coordinates"":[]}"
111,1992-08-08,"{""type"":""MultiPoint"",""coordinates"":[]}"
112,1992-08-24,"{""type"":""MultiPoint"",""coordinates"":[]}"
113,1992-09-25,"{""type"":""MultiPoint"",""coordinates"":[]}"
114,1992-11-03,"{""type"":""MultiPoint"",""coordinates"":[]}"
115,1992-11-03,"{""type"":""MultiPoint"",""coordinates"":[]}"
116,1992-11-12,"{""type"":""MultiPoint"",""coordinates"":[]}"
117,1992-12-05,"{""type"":""MultiPoint"",""coordinates"":[]}"
118,1992-12-14,"{""type"":""MultiPoint"",""coordinates"":[]}"
119,1992-12-30,"{""type"":""MultiPoint"",""coordinates"":[]}"
120,1993-01-15,"{""type"":""MultiPoint"",""coordinates"":[]}"
121,1993-01-22,"{""type"":""MultiPoint"",""coordinates"":[]}"
122,1993-01-31,"{""type"":""MultiPoint"",""coordinates"":[]}"
123,1993-02-16,"{""type"":""MultiPoint"",""coordinates"":[]}"
124,1993-02-23,"{""type"":""MultiPoint"",""coordinates"":[]}"
125,1993-02-23,"{""type"":""MultiPoint"",""coordinates"":[]}"
126,1993-03-04,"{""type"":""MultiPoint"",""coordinates"":[]}"
127,1993-03-20,"{""type"":""MultiPoint"",""coordinates"":[]}"
128,1993-04-05,"{""type"":""MultiPoint"",""coordinates"":[]}"
129,1993-05-30,"{""type"":""MultiPoint"",""coordinates"":[]}"
130,1993-06-15,"{""type"":""MultiPoint"",""coordinates"":[]}"
131,1993-07-17,"{""type"":""MultiPoint"",""coordinates"":[]}"
132,1993-07-17,"{""type"":""MultiPoint"",""coordinates"":[]}"
133,1993-08-27,"{""type"":""MultiPoint"",""coordinates"":[]}"
134,1993-09-12,"{""type"":""MultiPoint"",""coordinates"":[]}"
135,1993-09-19,"{""type"":""MultiPoint"",""coordinates"":[]}"
136,1993-10-14,"{""type"":""MultiPoint"",""coordinates"":[]}"
137,1993-10-30,"{""type"":""MultiPoint"",""coordinates"":[]}"
138,1993-11-06,"{""type"":""MultiPoint"",""coordinates"":[]}"
139,1993-11-06,"{""type"":""MultiPoint"",""coordinates"":[]}"
140,1993-12-01,"{""type"":""MultiPoint"",""coordinates"":[]}"
141,1993-12-17,"{""type"":""MultiPoint"",""coordinates"":[]}"
142,1993-12-24,"{""type"":""MultiPoint"",""coordinates"":[]}"
143,1994-01-02,"{""type"":""MultiPoint"",""coordinates"":[]}"
144,1994-01-18,"{""type"":""MultiPoint"",""coordinates"":[]}"
145,1994-02-03,"{""type"":""MultiPoint"",""coordinates"":[]}"
146,1994-02-26,"{""type"":""MultiPoint"",""coordinates"":[]}"
147,1994-05-01,"{""type"":""MultiPoint"",""coordinates"":[]}"
148,1994-05-10,"{""type"":""MultiPoint"",""coordinates"":[]}"
149,1994-05-26,"{""type"":""MultiPoint"",""coordinates"":[]}"
150,1994-06-27,"{""type"":""MultiPoint"",""coordinates"":[]}"
151,1994-07-04,"{""type"":""MultiPoint"",""coordinates"":[]}"
152,1994-07-04,"{""type"":""MultiPoint"",""coordinates"":[]}"
153,1994-10-17,"{""type"":""MultiPoint"",""coordinates"":[]}"
154,1994-10-24,"{""type"":""MultiPoint"",""coordinates"":[]}"
155,1994-11-18,"{""type"":""MultiPoint"",""coordinates"":[]}"
156,1994-12-04,"{""type"":""MultiPoint"",""coordinates"":[]}"
157,1994-12-20,"{""type"":""MultiPoint"",""coordinates"":[]}"
158,1995-01-05,"{""type"":""MultiPoint"",""coordinates"":[]}"
159,1995-04-11,"{""type"":""MultiPoint"",""coordinates"":[]}"
160,1995-05-29,"{""type"":""MultiPoint"",""coordinates"":[]}"
161,1995-06-14,"{""type"":""MultiPoint"",""coordinates"":[]}"
162,1995-06-21,"{""type"":""MultiPoint"",""coordinates"":[]}"
163,1995-06-21,"{""type"":""MultiPoint"",""coordinates"":[]}"
164,1995-07-07,"{""type"":""MultiPoint"",""coordinates"":[]}"
165,1995-07-07,"{""type"":""MultiPoint"",""coordinates"":[]}"
166,1995-08-01,"{""type"":""MultiPoint"",""coordinates"":[]}"
167,1995-09-18,"{""type"":""MultiPoint"",""coordinates"":[]}"
168,1995-12-07,"{""type"":""MultiPoint"",""coordinates"":[]}"
169,1995-12-23,"{""type"":""MultiPoint"",""coordinates"":[]}"
170,1996-02-09,"{""type"":""MultiPoint"",""coordinates"":[]}"
171,1996-02-25,"{""type"":""MultiPoint"",""coordinates"":[]}"
172,1996-03-28,"{""type"":""MultiPoint"",""coordinates"":[]}"
173,1996-04-13,"{""type"":""MultiPoint"",""coordinates"":[]}"
174,1996-04-29,"{""type"":""MultiPoint"",""coordinates"":[]}"
175,1996-05-15,"{""type"":""MultiPoint"",""coordinates"":[]}"
176,1996-05-31,"{""type"":""MultiPoint"",""coordinates"":[]}"
177,1996-07-02,"{""type"":""MultiPoint"",""coordinates"":[]}"
178,1996-07-18,"{""type"":""MultiPoint"",""coordinates"":[]}"
179,1996-07-25,"{""type"":""MultiPoint"",""coordinates"":[]}"
180,1996-09-04,"{""type"":""MultiPoint"",""coordinates"":[]}"
181,1996-09-20,"{""type"":""MultiPoint"",""coordinates"":[]}"
182,1996-10-06,"{""type"":""MultiPoint"",""coordinates"":[]}"
183,1996-10-22,"{""type"":""MultiPoint"",""coordinates"":[]}"
184,1996-11-23,"{""type"":""MultiPoint"",""coordinates"":[]}"
185,1997-01-01,"{""type"":""MultiPoint"",""coordinates"":[]}"
186,1997-01-01,"{""type"":""MultiPoint"",""coordinates"":[]}"
187,1997-01-10,"{""type"":""MultiPoint"",""coordinates"":[]}"
188,1997-01-26,"{""type"":""MultiPoint"",""coordinates"":[]}"
189,1997-02-02,"{""type"":""MultiPoint"",""coordinates"":[]}"
190,1997-02-11,"{""type"":""MultiPoint"",""coordinates"":[]}"
191,1997-06-10,"{""type"":""MultiPoint"",""coordinates"":[]}"
192,1997-06-10,"{""type"":""MultiPoint"",""coordinates"":[]}"
193,1997-06-26,"{""type"":""MultiPoint"",""coordinates"":[]}"
194,1997-06-26,"{""type"":""MultiPoint"",""coordinates"":[]}"
195,1997-08-06,"{""type"":""MultiPoint"",""coordinates"":[]}"
196,1997-09-14,"{""type"":""MultiPoint"",""coordinates"":[]}"
197,1997-09-23,"{""type"":""MultiPoint"",""coordinates"":[]}"
198,1997-10-25,"{""type"":""MultiPoint"",""coordinates"":[]}"
199,1997-11-10,"{""type"":""MultiPoint"",""coordinates"":[]}"
200,1998-02-14,"{""type"":""MultiPoint"",""coordinates"":[]}"
201,1998-02-21,"{""type"":""MultiPoint"",""coordinates"":[]}"
202,1998-02-21,"{""type"":""MultiPoint"",""coordinates"":[]}"
203,1998-03-02,"{""type"":""MultiPoint"",""coordinates"":[]}"
204,1998-07-08,"{""type"":""MultiPoint"",""coordinates"":[]}"
205,1998-07-24,"{""type"":""MultiPoint"",""coordinates"":[]}"
206,1998-08-09,"{""type"":""MultiPoint"",""coordinates"":[]}"
207,1998-11-29,"{""type"":""MultiPoint"",""coordinates"":[]}"
208,1998-12-22,"{""type"":""MultiPoint"",""coordinates"":[]}"
209,1998-12-31,"{""type"":""MultiPoint"",""coordinates"":[]}"
210,1999-02-01,"{""type"":""MultiPoint"",""coordinates"":[]}"
211,1999-02-17,"{""type"":""MultiPoint"",""coordinates"":[]}"
212,1999-03-28,"{""type"":""MultiPoint"",""coordinates"":[]}"
213,1999-04-06,"{""type"":""MultiPoint"",""coordinates"":[]}"
214,1999-07-27,"{""type"":""MultiPoint"",""coordinates"":[]}"
215,1999-10-06,"{""type"":""MultiPoint"",""coordinates"":[]}"
216,1999-12-02,"{""type"":""MultiPoint"",""coordinates"":[]}"
217,2000-01-03,"{""type"":""MultiPoint"",""coordinates"":[]}"
218,2000-02-11,"{""type"":""MultiPoint"",""coordinates"":[]}"
219,2000-02-20,"{""type"":""MultiPoint"",""coordinates"":[]}"
220,2000-03-07,"{""type"":""MultiPoint"",""coordinates"":[]}"
221,2000-03-14,"{""type"":""MultiPoint"",""coordinates"":[]}"
222,2000-03-14,"{""type"":""MultiPoint"",""coordinates"":[]}"
223,2000-06-02,"{""type"":""MultiPoint"",""coordinates"":[]}"
224,2000-07-13,"{""type"":""MultiPoint"",""coordinates"":[]}"
225,2000-07-20,"{""type"":""MultiPoint"",""coordinates"":[]}"
226,2000-07-29,"{""type"":""MultiPoint"",""coordinates"":[]}"
227,2000-09-22,"{""type"":""MultiPoint"",""coordinates"":[]}"
228,2000-09-22,"{""type"":""MultiPoint"",""coordinates"":[]}"
229,2000-10-01,"{""type"":""MultiPoint"",""coordinates"":[]}"
230,2000-10-17,"{""type"":""MultiPoint"",""coordinates"":[]}"
231,2000-10-24,"{""type"":""MultiPoint"",""coordinates"":[]}"
232,2000-10-24,"{""type"":""MultiPoint"",""coordinates"":[]}"
233,2000-11-09,"{""type"":""MultiPoint"",""coordinates"":[]}"
234,2000-11-09,"{""type"":""MultiPoint"",""coordinates"":[]}"
235,2000-11-18,"{""type"":""MultiPoint"",""coordinates"":[]}"
236,2000-11-25,"{""type"":""MultiPoint"",""coordinates"":[]}"
237,2001-01-05,"{""type"":""MultiPoint"",""coordinates"":[]}"
238,2001-01-21,"{""type"":""MultiPoint"",""coordinates"":[]}"
239,2001-02-06,"{""type"":""MultiPoint"",""coordinates"":[]}"
240,2001-02-22,"{""type"":""MultiPoint"",""coordinates"":[]}"
241,2001-03-01,"{""type"":""MultiPoint"",""coordinates"":[]}"
242,2001-03-01,"{""type"":""MultiPoint"",""coordinates"":[]}"
243,2001-03-10,"{""type"":""MultiPoint"",""coordinates"":[]}"
244,2001-04-18,"{""type"":""MultiPoint"",""coordinates"":[]}"
245,2001-04-18,"{""type"":""MultiPoint"",""coordinates"":[]}"
246,2001-04-27,"{""type"":""MultiPoint"",""coordinates"":[]}"
247,2001-06-05,"{""type"":""MultiPoint"",""coordinates"":[]}"
248,2001-06-05,"{""type"":""MultiPoint"",""coordinates"":[]}"
249,2001-06-21,"{""type"":""MultiPoint"",""coordinates"":[]}"
250,2001-06-21,"{""type"":""MultiPoint"",""coordinates"":[]}"
251,2001-06-30,"{""type"":""MultiPoint"",""coordinates"":[]}"
252,2001-07-07,"{""type"":""MultiPoint"",""coordinates"":[]}"
253,2001-08-01,"{""type"":""MultiPoint"",""coordinates"":[]}"
254,2001-08-24,"{""type"":""MultiPoint"",""coordinates"":[]}"
255,2001-09-02,"{""type"":""MultiPoint"",""coordinates"":[]}"
256,2001-09-09,"{""type"":""MultiPoint"",""coordinates"":[]}"
257,2001-09-09,"{""type"":""MultiPoint"",""coordinates"":[]}"
258,2001-11-21,"{""type"":""MultiPoint"",""coordinates"":[]}"
259,2001-11-28,"{""type"":""MultiPoint"",""coordinates"":[]}"
260,2001-12-23,"{""type"":""MultiPoint"",""coordinates"":[]}"
261,2002-01-08,"{""type"":""MultiPoint"",""coordinates"":[]}"
262,2002-01-24,"{""type"":""MultiPoint"",""coordinates"":[]}"
263,2002-01-31,"{""type"":""MultiPoint"",""coordinates"":[]}"
264,2002-01-31,"{""type"":""MultiPoint"",""coordinates"":[]}"
265,2002-02-09,"{""type"":""MultiPoint"",""coordinates"":[]}"
266,2002-02-25,"{""type"":""MultiPoint"",""coordinates"":[]}"
267,2002-03-04,"{""type"":""MultiPoint"",""coordinates"":[]}"
268,2002-03-04,"{""type"":""MultiPoint"",""coordinates"":[]}"
269,2002-03-20,"{""type"":""MultiPoint"",""coordinates"":[]}"
270,2002-03-20,"{""type"":""MultiPoint"",""coordinates"":[]}"
271,2002-04-14,"{""type"":""MultiPoint"",""coordinates"":[]}"
272,2002-04-30,"{""type"":""MultiPoint"",""coordinates"":[]}"
273,2002-06-17,"{""type"":""MultiPoint"",""coordinates"":[]}"
274,2002-07-03,"{""type"":""MultiPoint"",""coordinates"":[]}"
275,2003-06-27,"{""type"":""MultiPoint"",""coordinates"":[]}"
276,2003-06-27,"{""type"":""MultiPoint"",""coordinates"":[]}"
277,2003-07-06,"{""type"":""MultiPoint"",""coordinates"":[]}"
278,2003-07-13,"{""type"":""MultiPoint"",""coordinates"":[]}"
279,2003-07-29,"{""type"":""MultiPoint"",""coordinates"":[]}"
280,2003-07-29,"{""type"":""MultiPoint"",""coordinates"":[]}"
281,2003-08-23,"{""type"":""MultiPoint"",""coordinates"":[]}"
282,2003-09-24,"{""type"":""MultiPoint"",""coordinates"":[]}"
283,2003-10-10,"{""type"":""MultiPoint"",""coordinates"":[]}"
284,2003-10-17,"{""type"":""MultiPoint"",""coordinates"":[]}"
285,2003-11-18,"{""type"":""MultiPoint"",""coordinates"":[]}"
286,2003-12-13,"{""type"":""MultiPoint"",""coordinates"":[]}"
287,2003-12-29,"{""type"":""MultiPoint"",""coordinates"":[]}"
288,2004-01-14,"{""type"":""MultiPoint"",""coordinates"":[]}"
289,2004-01-30,"{""type"":""MultiPoint"",""coordinates"":[]}"
290,2004-02-15,"{""type"":""MultiPoint"",""coordinates"":[]}"
291,2004-02-22,"{""type"":""MultiPoint"",""coordinates"":[]}"
292,2004-02-22,"{""type"":""MultiPoint"",""coordinates"":[]}"
293,2004-03-02,"{""type"":""MultiPoint"",""coordinates"":[]}"
294,2004-03-18,"{""type"":""MultiPoint"",""coordinates"":[]}"
295,2004-04-03,"{""type"":""MultiPoint"",""coordinates"":[]}"
296,2004-04-19,"{""type"":""MultiPoint"",""coordinates"":[]}"
297,2004-05-05,"{""type"":""MultiPoint"",""coordinates"":[]}"
298,2004-05-12,"{""type"":""MultiPoint"",""coordinates"":[]}"
299,2004-05-12,"{""type"":""MultiPoint"",""coordinates"":[]}"
300,2004-06-06,"{""type"":""MultiPoint"",""coordinates"":[]}"
301,2004-06-29,"{""type"":""MultiPoint"",""coordinates"":[]}"
302,2004-07-15,"{""type"":""MultiPoint"",""coordinates"":[]}"
303,2004-08-16,"{""type"":""MultiPoint"",""coordinates"":[]}"
304,2004-08-25,"{""type"":""MultiPoint"",""coordinates"":[]}"
305,2004-09-10,"{""type"":""MultiPoint"",""coordinates"":[]}"
306,2004-09-26,"{""type"":""MultiPoint"",""coordinates"":[]}"
307,2004-10-12,"{""type"":""MultiPoint"",""coordinates"":[]}"
308,2004-10-19,"{""type"":""MultiPoint"",""coordinates"":[]}"
309,2004-11-04,"{""type"":""MultiPoint"",""coordinates"":[]}"
310,2004-11-04,"{""type"":""MultiPoint"",""coordinates"":[]}"
311,2004-11-29,"{""type"":""MultiPoint"",""coordinates"":[]}"
312,2005-01-16,"{""type"":""MultiPoint"",""coordinates"":[]}"
313,2005-02-01,"{""type"":""MultiPoint"",""coordinates"":[]}"
314,2005-02-17,"{""type"":""MultiPoint"",""coordinates"":[]}"
315,2005-03-05,"{""type"":""MultiPoint"",""coordinates"":[]}"
316,2005-03-12,"{""type"":""MultiPoint"",""coordinates"":[]}"
317,2005-04-06,"{""type"":""MultiPoint"",""coordinates"":[]}"
318,2005-04-13,"{""type"":""MultiPoint"",""coordinates"":[]}"
319,2005-04-13,"{""type"":""MultiPoint"",""coordinates"":[]}"
320,2005-04-22,"{""type"":""MultiPoint"",""coordinates"":[]}"
321,2005-04-29,"{""type"":""MultiPoint"",""coordinates"":[]}"
322,2005-04-29,"{""type"":""MultiPoint"",""coordinates"":[]}"
323,2005-05-15,"{""type"":""MultiPoint"",""coordinates"":[]}"
324,2005-05-15,"{""type"":""MultiPoint"",""coordinates"":[]}"
325,2005-05-24,"{""type"":""MultiPoint"",""coordinates"":[]}"
326,2005-06-25,"{""type"":""MultiPoint"",""coordinates"":[]}"
327,2005-07-11,"{""type"":""MultiPoint"",""coordinates"":[]}"
328,2005-07-27,"{""type"":""MultiPoint"",""coordinates"":[]}"
329,2005-10-31,"{""type"":""MultiPoint"",""coordinates"":[]}"
330,2005-11-16,"{""type"":""MultiPoint"",""coordinates"":[]}"
331,2006-02-04,"{""type"":""MultiPoint"",""coordinates"":[]}"
332,2006-02-20,"{""type"":""MultiPoint"",""coordinates"":[]}"
333,2006-03-08,"{""type"":""MultiPoint"",""coordinates"":[]}"
334,2006-04-09,"{""type"":""MultiPoint"",""coordinates"":[]}"
335,2006-04-16,"{""type"":""MultiPoint"",""coordinates"":[]}"
336,2006-04-25,"{""type"":""MultiPoint"",""coordinates"":[]}"
337,2006-05-11,"{""type"":""MultiPoint"",""coordinates"":[]}"
338,2006-05-27,"{""type"":""MultiPoint"",""coordinates"":[]}"
339,2006-06-28,"{""type"":""MultiPoint"",""coordinates"":[]}"
340,2006-07-05,"{""type"":""MultiPoint"",""coordinates"":[]}"
341,2006-09-16,"{""type"":""MultiPoint"",""coordinates"":[]}"
342,2006-09-23,"{""type"":""MultiPoint"",""coordinates"":[]}"
343,2006-09-23,"{""type"":""MultiPoint"",""coordinates"":[]}"
344,2006-10-25,"{""type"":""MultiPoint"",""coordinates"":[]}"
345,2006-11-03,"{""type"":""MultiPoint"",""coordinates"":[]}"
346,2006-11-19,"{""type"":""MultiPoint"",""coordinates"":[]}"
347,2006-12-05,"{""type"":""MultiPoint"",""coordinates"":[]}"
348,2006-12-21,"{""type"":""MultiPoint"",""coordinates"":[]}"
349,2006-12-28,"{""type"":""MultiPoint"",""coordinates"":[]}"
350,2007-01-22,"{""type"":""MultiPoint"",""coordinates"":[]}"
351,2007-01-29,"{""type"":""MultiPoint"",""coordinates"":[]}"
352,2007-02-07,"{""type"":""MultiPoint"",""coordinates"":[]}"
353,2007-02-23,"{""type"":""MultiPoint"",""coordinates"":[]}"
354,2007-03-02,"{""type"":""MultiPoint"",""coordinates"":[]}"
355,2007-03-02,"{""type"":""MultiPoint"",""coordinates"":[]}"
356,2007-03-11,"{""type"":""MultiPoint"",""coordinates"":[]}"
357,2007-04-03,"{""type"":""MultiPoint"",""coordinates"":[]}"
358,2007-04-12,"{""type"":""MultiPoint"",""coordinates"":[]}"
359,2007-04-28,"{""type"":""MultiPoint"",""coordinates"":[]}"
360,2007-06-15,"{""type"":""MultiPoint"",""coordinates"":[]}"
361,2007-06-22,"{""type"":""MultiPoint"",""coordinates"":[]}"
362,2007-07-01,"{""type"":""MultiPoint"",""coordinates"":[]}"
363,2007-07-17,"{""type"":""MultiPoint"",""coordinates"":[]}"
364,2007-07-24,"{""type"":""MultiPoint"",""coordinates"":[]}"
365,2007-07-24,"{""type"":""MultiPoint"",""coordinates"":[]}"
366,2007-08-18,"{""type"":""MultiPoint"",""coordinates"":[]}"
367,2007-08-25,"{""type"":""MultiPoint"",""coordinates"":[]}"
368,2007-08-25,"{""type"":""MultiPoint"",""coordinates"":[]}"
369,2007-09-03,"{""type"":""MultiPoint"",""coordinates"":[]}"
370,2007-09-10,"{""type"":""MultiPoint"",""coordinates"":[]}"
371,2007-09-26,"{""type"":""MultiPoint"",""coordinates"":[]}"
372,2008-01-25,"{""type"":""MultiPoint"",""coordinates"":[]}"
373,2008-02-01,"{""type"":""MultiPoint"",""coordinates"":[]}"
374,2008-02-01,"{""type"":""MultiPoint"",""coordinates"":[]}"
375,2008-02-10,"{""type"":""MultiPoint"",""coordinates"":[]}"
376,2008-02-26,"{""type"":""MultiPoint"",""coordinates"":[]}"
377,2008-03-13,"{""type"":""MultiPoint"",""coordinates"":[]}"
378,2008-03-20,"{""type"":""MultiPoint"",""coordinates"":[]}"
379,2008-09-12,"{""type"":""MultiPoint"",""coordinates"":[]}"
380,2008-09-12,"{""type"":""MultiPoint"",""coordinates"":[]}"
381,2008-09-21,"{""type"":""MultiPoint"",""coordinates"":[]}"
382,2008-09-28,"{""type"":""MultiPoint"",""coordinates"":[]}"
383,2008-10-07,"{""type"":""MultiPoint"",""coordinates"":[]}"
384,2008-10-23,"{""type"":""MultiPoint"",""coordinates"":[]}"
385,2008-11-15,"{""type"":""MultiPoint"",""coordinates"":[]}"
386,2008-11-15,"{""type"":""MultiPoint"",""coordinates"":[]}"
387,2008-11-24,"{""type"":""MultiPoint"",""coordinates"":[]}"
388,2008-12-10,"{""type"":""MultiPoint"",""coordinates"":[]}"
389,2008-12-17,"{""type"":""MultiPoint"",""coordinates"":[]}"
390,2008-12-26,"{""type"":""MultiPoint"",""coordinates"":[]}"
391,2009-01-11,"{""type"":""MultiPoint"",""coordinates"":[]}"
392,2009-02-12,"{""type"":""MultiPoint"",""coordinates"":[]}"
393,2009-03-16,"{""type"":""MultiPoint"",""coordinates"":[]}"
394,2009-04-01,"{""type"":""MultiPoint"",""coordinates"":[]}"
395,2009-04-17,"{""type"":""MultiPoint"",""coordinates"":[]}"
396,2009-05-03,"{""type"":""MultiPoint"",""coordinates"":[]}"
397,2009-05-10,"{""type"":""MultiPoint"",""coordinates"":[]}"
398,2009-05-19,"{""type"":""MultiPoint"",""coordinates"":[]}"
399,2009-06-04,"{""type"":""MultiPoint"",""coordinates"":[]}"
400,2009-09-24,"{""type"":""MultiPoint"",""coordinates"":[]}"
401,2009-11-11,"{""type"":""MultiPoint"",""coordinates"":[]}"
402,2009-11-27,"{""type"":""MultiPoint"",""coordinates"":[]}"
403,2009-12-13,"{""type"":""MultiPoint"",""coordinates"":[]}"
404,2010-01-14,"{""type"":""MultiPoint"",""coordinates"":[]}"
405,2010-01-30,"{""type"":""MultiPoint"",""coordinates"":[]}"
406,2010-02-06,"{""type"":""MultiPoint"",""coordinates"":[]}"
407,2010-02-06,"{""type"":""MultiPoint"",""coordinates"":[]}"
408,2010-02-15,"{""type"":""MultiPoint"",""coordinates"":[]}"
409,2010-02-22,"{""type"":""MultiPoint"",""coordinates"":[]}"
410,2010-03-19,"{""type"":""MultiPoint"",""coordinates"":[]}"
411,2010-08-26,"{""type"":""MultiPoint"",""coordinates"":[]}"
412,2010-09-18,"{""type"":""MultiPoint"",""coordinates"":[]}"
413,2010-09-18,"{""type"":""MultiPoint"",""coordinates"":[]}"
414,2010-11-14,"{""type"":""MultiPoint"",""coordinates"":[]}"
415,2010-11-21,"{""type"":""MultiPoint"",""coordinates"":[]}"
416,2010-11-30,"{""type"":""MultiPoint"",""coordinates"":[]}"
417,2010-12-16,"{""type"":""MultiPoint"",""coordinates"":[]}"
418,2011-01-01,"{""type"":""MultiPoint"",""coordinates"":[]}"
419,2011-02-02,"{""type"":""MultiPoint"",""coordinates"":[]}"
420,2011-02-25,"{""type"":""MultiPoint"",""coordinates"":[]}"
421,2011-03-13,"{""type"":""MultiPoint"",""coordinates"":[]}"
422,2011-03-13,"{""type"":""MultiPoint"",""coordinates"":[]}"
423,2011-04-14,"{""type"":""MultiPoint"",""coordinates"":[]}"
424,2011-05-09,"{""type"":""MultiPoint"",""coordinates"":[]}"
425,2011-08-13,"{""type"":""MultiPoint"",""coordinates"":[]}"
426,2011-08-20,"{""type"":""MultiPoint"",""coordinates"":[]}"
427,2011-08-20,"{""type"":""MultiPoint"",""coordinates"":[]}"
428,2011-09-05,"{""type"":""MultiPoint"",""coordinates"":[]}"
429,2011-09-05,"{""type"":""MultiPoint"",""coordinates"":[]}"
430,2011-11-01,"{""type"":""MultiPoint"",""coordinates"":[]}"
431,2011-11-17,"{""type"":""MultiPoint"",""coordinates"":[]}"
432,2012-05-19,"{""type"":""MultiPoint"",""coordinates"":[]}"
433,2012-06-04,"{""type"":""MultiPoint"",""coordinates"":[]}"
434,2012-06-11,"{""type"":""MultiPoint"",""coordinates"":[]}"
435,2012-07-22,"{""type"":""MultiPoint"",""coordinates"":[]}"
436,2012-07-29,"{""type"":""MultiPoint"",""coordinates"":[]}"
437,2012-07-29,"{""type"":""MultiPoint"",""coordinates"":[]}"
438,2012-08-07,"{""type"":""MultiPoint"",""coordinates"":[]}"
439,2012-09-08,"{""type"":""MultiPoint"",""coordinates"":[]}"
440,2012-10-10,"{""type"":""MultiPoint"",""coordinates"":[]}"
441,2012-11-11,"{""type"":""MultiPoint"",""coordinates"":[]}"
442,2012-11-27,"{""type"":""MultiPoint"",""coordinates"":[]}"
443,2012-12-04,"{""type"":""MultiPoint"",""coordinates"":[]}"
444,2012-12-04,"{""type"":""MultiPoint"",""coordinates"":[]}"
445,2012-12-13,"{""type"":""MultiPoint"",""coordinates"":[]}"
446,2012-12-29,"{""type"":""MultiPoint"",""coordinates"":[]}"
447,2013-01-05,"{""type"":""MultiPoint"",""coordinates"":[]}"
448,2013-01-14,"{""type"":""MultiPoint"",""coordinates"":[]}"
449,2013-01-30,"{""type"":""MultiPoint"",""coordinates"":[]}"
450,2013-02-06,"{""type"":""MultiPoint"",""coordinates"":[]}"
451,2013-02-06,"{""type"":""MultiPoint"",""coordinates"":[]}"
452,2013-02-15,"{""type"":""MultiPoint"",""coordinates"":[]}"
453,2013-03-03,"{""type"":""MultiPoint"",""coordinates"":[]}"
454,2013-03-10,"{""type"":""MultiPoint"",""coordinates"":[]}"
455,2013-03-10,"{""type"":""MultiPoint"",""coordinates"":[]}"
456,2013-03-19,"{""type"":""MultiPoint"",""coordinates"":[]}"
457,2013-03-26,"{""type"":""MultiPoint"",""coordinates"":[]}"
458,2013-04-12,"{""type"":""MultiPoint"",""coordinates"":[]}"
459,2013-05-05,"{""type"":""MultiPoint"",""coordinates"":[]}"
460,2013-05-05,"{""type"":""MultiPoint"",""coordinates"":[]}"
461,2013-06-06,"{""type"":""MultiPoint"",""coordinates"":[]}"
462,2013-06-15,"{""type"":""MultiPoint"",""coordinates"":[]}"
463,2013-07-01,"{""type"":""MultiPoint"",""coordinates"":[]}"
464,2013-07-17,"{""type"":""MultiPoint"",""coordinates"":[]}"
465,2013-07-24,"{""type"":""MultiPoint"",""coordinates"":[]}"
466,2013-08-09,"{""type"":""MultiPoint"",""coordinates"":[]}"
467,2013-08-09,"{""type"":""MultiPoint"",""coordinates"":[]}"
468,2013-08-18,"{""type"":""MultiPoint"",""coordinates"":[]}"
469,2013-09-03,"{""type"":""MultiPoint"",""coordinates"":[]}"
470,2013-09-19,"{""type"":""MultiPoint"",""coordinates"":[]}"
471,2013-10-05,"{""type"":""MultiPoint"",""coordinates"":[]}"
472,2013-10-21,"{""type"":""MultiPoint"",""coordinates"":[]}"
473,2013-11-06,"{""type"":""MultiPoint"",""coordinates"":[]}"
474,2013-11-13,"{""type"":""MultiPoint"",""coordinates"":[]}"
475,2013-11-22,"{""type"":""MultiPoint"",""coordinates"":[]}"
476,2013-12-15,"{""type"":""MultiPoint"",""coordinates"":[]}"
477,2013-12-24,"{""type"":""MultiPoint"",""coordinates"":[]}"
478,2013-12-31,"{""type"":""MultiPoint"",""coordinates"":[]}"
479,2014-01-09,"{""type"":""MultiPoint"",""coordinates"":[]}"
480,2014-01-16,"{""type"":""MultiPoint"",""coordinates"":[]}"
481,2014-01-25,"{""type"":""MultiPoint"",""coordinates"":[]}"
482,2014-02-01,"{""type"":""MultiPoint"",""coordinates"":[]}"
483,2014-02-10,"{""type"":""MultiPoint"",""coordinates"":[]}"
484,2014-02-26,"{""type"":""MultiPoint"",""coordinates"":[]}"
485,2014-03-14,"{""type"":""MultiPoint"",""coordinates"":[]}"
486,2014-04-15,"{""type"":""MultiPoint"",""coordinates"":[]}"
487,2014-05-24,"{""type"":""MultiPoint"",""coordinates"":[]}"
488,2014-06-09,"{""type"":""MultiPoint"",""coordinates"":[]}"
489,2014-06-09,"{""type"":""MultiPoint"",""coordinates"":[]}"
490,2014-06-18,"{""type"":""MultiPoint"",""coordinates"":[]}"
491,2014-07-20,"{""type"":""MultiPoint"",""coordinates"":[]}"
492,2014-07-27,"{""type"":""MultiPoint"",""coordinates"":[]}"
493,2014-08-05,"{""type"":""MultiPoint"",""coordinates"":[]}"
494,2014-08-12,"{""type"":""MultiPoint"",""coordinates"":[]}"
495,2014-08-12,"{""type"":""MultiPoint"",""coordinates"":[]}"
496,2014-08-21,"{""type"":""MultiPoint"",""coordinates"":[]}"
497,2014-08-28,"{""type"":""MultiPoint"",""coordinates"":[]}"
498,2014-10-08,"{""type"":""MultiPoint"",""coordinates"":[]}"
499,2014-10-24,"{""type"":""MultiPoint"",""coordinates"":[]}"
500,2014-10-31,"{""type"":""MultiPoint"",""coordinates"":[]}"
501,2014-11-09,"{""type"":""MultiPoint"",""coordinates"":[]}"
502,2014-12-11,"{""type"":""MultiPoint"",""coordinates"":[]}"
503,2014-12-27,"{""type"":""MultiPoint"",""coordinates"":[]}"
504,2015-01-12,"{""type"":""MultiPoint"",""coordinates"":[]}"
505,2015-01-28,"{""type"":""MultiPoint"",""coordinates"":[]}"
506,2015-02-13,"{""type"":""MultiPoint"",""coordinates"":[]}"
507,2015-03-01,"{""type"":""MultiPoint"",""coordinates"":[]}"
508,2015-03-17,"{""type"":""MultiPoint"",""coordinates"":[]}"
509,2015-04-02,"{""type"":""MultiPoint"",""coordinates"":[]}"
510,2015-04-09,"{""type"":""MultiPoint"",""coordinates"":[]}"
511,2015-04-18,"{""type"":""MultiPoint"",""coordinates"":[]}"
512,2015-05-04,"{""type"":""MultiPoint"",""coordinates"":[]}"
513,2015-05-11,"{""type"":""MultiPoint"",""coordinates"":[]}"
514,2015-05-11,"{""type"":""MultiPoint"",""coordinates"":[]}"
515,2015-05-20,"{""type"":""MultiPoint"",""coordinates"":[]}"
516,2015-05-27,"{""type"":""MultiPoint"",""coordinates"":[]}"
517,2015-06-05,"{""type"":""MultiPoint"",""coordinates"":[]}"
518,2015-06-12,"{""type"":""MultiPoint"",""coordinates"":[]}"
519,2015-06-12,"{""type"":""MultiPoint"",""coordinates"":[]}"
520,2015-06-28,"{""type"":""MultiPoint"",""coordinates"":[]}"
521,2015-07-07,"{""type"":""MultiPoint"",""coordinates"":[]}"
522,2015-07-14,"{""type"":""MultiPoint"",""coordinates"":[]}"
523,2015-07-14,"{""type"":""MultiPoint"",""coordinates"":[]}"
524,2015-07-23,"{""type"":""MultiPoint"",""coordinates"":[]}"
525,2015-08-31,"{""type"":""MultiPoint"",""coordinates"":[]}"
526,2015-10-02,"{""type"":""MultiPoint"",""coordinates"":[]}"
527,2015-10-11,"{""type"":""MultiPoint"",""coordinates"":[]}"
528,2015-11-12,"{""type"":""MultiPoint"",""coordinates"":[]}"
529,2015-11-19,"{""type"":""MultiPoint"",""coordinates"":[]}"
530,2015-11-19,"{""type"":""MultiPoint"",""coordinates"":[]}"
531,2015-11-28,"{""type"":""MultiPoint"",""coordinates"":[]}"
532,2015-12-14,"{""type"":""MultiPoint"",""coordinates"":[]}"
533,2015-12-21,"{""type"":""MultiPoint"",""coordinates"":[]}"
534,2015-12-30,"{""type"":""MultiPoint"",""coordinates"":[]}"
535,2016-01-15,"{""type"":""MultiPoint"",""coordinates"":[]}"
536,2016-02-16,"{""type"":""MultiPoint"",""coordinates"":[]}"
537,2016-03-03,"{""type"":""MultiPoint"",""coordinates"":[]}"
538,2016-04-20,"{""type"":""MultiPoint"",""coordinates"":[]}"
539,2016-05-22,"{""type"":""MultiPoint"",""coordinates"":[]}"
540,2016-06-07,"{""type"":""MultiPoint"",""coordinates"":[]}"
541,2016-06-14,"{""type"":""MultiPoint"",""coordinates"":[]}"
542,2016-08-01,"{""type"":""MultiPoint"",""coordinates"":[]}"
543,2016-08-10,"{""type"":""MultiPoint"",""coordinates"":[]}"
544,2016-08-17,"{""type"":""MultiPoint"",""coordinates"":[]}"
545,2016-08-17,"{""type"":""MultiPoint"",""coordinates"":[]}"
546,2016-08-26,"{""type"":""MultiPoint"",""coordinates"":[]}"
547,2016-09-02,"{""type"":""MultiPoint"",""coordinates"":[]}"
548,2016-09-02,"{""type"":""MultiPoint"",""coordinates"":[]}"
549,2016-09-11,"{""type"":""MultiPoint"",""coordinates"":[]}"
550,2016-09-18,"{""type"":""MultiPoint"",""coordinates"":[]}"
551,2016-09-27,"{""type"":""MultiPoint"",""coordinates"":[]}"
552,2016-10-04,"{""type"":""MultiPoint"",""coordinates"":[]}"
553,2016-10-04,"{""type"":""MultiPoint"",""coordinates"":[]}"
554,2016-10-13,"{""type"":""MultiPoint"",""coordinates"":[]}"
555,2016-10-20,"{""type"":""MultiPoint"",""coordinates"":[]}"
556,2016-10-20,"{""type"":""MultiPoint"",""coordinates"":[]}"
557,2016-10-29,"{""type"":""MultiPoint"",""coordinates"":[]}"
558,2016-11-14,"{""type"":""MultiPoint"",""coordinates"":[]}"
559,2016-11-30,"{""type"":""MultiPoint"",""coordinates"":[]}"
560,2016-12-16,"{""type"":""MultiPoint"",""coordinates"":[]}"
561,2017-01-01,"{""type"":""MultiPoint"",""coordinates"":[]}"
562,2017-01-17,"{""type"":""MultiPoint"",""coordinates"":[]}"
563,2017-02-02,"{""type"":""MultiPoint"",""coordinates"":[]}"
564,2017-02-09,"{""type"":""MultiPoint"",""coordinates"":[]}"
565,2017-02-09,"{""type"":""MultiPoint"",""coordinates"":[]}"
566,2017-02-18,"{""type"":""MultiPoint"",""coordinates"":[]}"
567,2017-02-25,"{""type"":""MultiPoint"",""coordinates"":[]}"
568,2017-03-06,"{""type"":""MultiPoint"",""coordinates"":[]}"
569,2017-03-22,"{""type"":""MultiPoint"",""coordinates"":[]}"
570,2017-03-29,"{""type"":""MultiPoint"",""coordinates"":[]}"
571,2017-04-07,"{""type"":""MultiPoint"",""coordinates"":[]}"
572,2017-04-14,"{""type"":""MultiPoint"",""coordinates"":[]}"
573,2017-04-14,"{""type"":""MultiPoint"",""coordinates"":[]}"
574,2017-04-23,"{""type"":""MultiPoint"",""coordinates"":[]}"
575,2017-06-01,"{""type"":""MultiPoint"",""coordinates"":[]}"
576,2017-06-10,"{""type"":""MultiPoint"",""coordinates"":[]}"
577,2017-07-19,"{""type"":""MultiPoint"",""coordinates"":[]}"
578,2017-08-20,"{""type"":""MultiPoint"",""coordinates"":[]}"
579,2017-08-20,"{""type"":""MultiPoint"",""coordinates"":[]}"
580,2017-08-29,"{""type"":""MultiPoint"",""coordinates"":[]}"
581,2017-09-14,"{""type"":""MultiPoint"",""coordinates"":[]}"
582,2017-09-21,"{""type"":""MultiPoint"",""coordinates"":[]}"
583,2017-09-21,"{""type"":""MultiPoint"",""coordinates"":[]}"
584,2017-10-16,"{""type"":""MultiPoint"",""coordinates"":[]}"
585,2017-10-23,"{""type"":""MultiPoint"",""coordinates"":[]}"
586,2017-11-01,"{""type"":""MultiPoint"",""coordinates"":[]}"
587,2017-11-17,"{""type"":""MultiPoint"",""coordinates"":[]}"
588,2017-12-03,"{""type"":""MultiPoint"",""coordinates"":[]}"
589,2017-12-19,"{""type"":""MultiPoint"",""coordinates"":[]}"
590,2018-01-04,"{""type"":""MultiPoint"",""coordinates"":[]}"
591,2018-01-20,"{""type"":""MultiPoint"",""coordinates"":[]}"
592,2018-01-27,"{""type"":""MultiPoint"",""coordinates"":[]}"
593,2018-02-21,"{""type"":""MultiPoint"",""coordinates"":[]}"
594,2018-03-09,"{""type"":""MultiPoint"",""coordinates"":[]}"
595,2018-03-16,"{""type"":""MultiPoint"",""coordinates"":[]}"
596,2018-03-25,"{""type"":""MultiPoint"",""coordinates"":[]}"
597,2018-04-26,"{""type"":""MultiPoint"",""coordinates"":[]}"
598,2018-05-03,"{""type"":""MultiPoint"",""coordinates"":[]}"
599,2018-05-03,"{""type"":""MultiPoint"",""coordinates"":[]}"
600,2018-05-12,"{""type"":""MultiPoint"",""coordinates"":[]}"
601,2018-05-19,"{""type"":""MultiPoint"",""coordinates"":[]}"
602,2018-05-19,"{""type"":""MultiPoint"",""coordinates"":[]}"
603,2018-06-13,"{""type"":""MultiPoint"",""coordinates"":[]}"
604,2018-06-29,"{""type"":""MultiPoint"",""coordinates"":[]}"
605,2018-07-06,"{""type"":""MultiPoint"",""coordinates"":[]}"
606,2018-07-22,"{""type"":""MultiPoint"",""coordinates"":[]}"
607,2018-08-07,"{""type"":""MultiPoint"",""coordinates"":[]}"
608,2018-08-07,"{""type"":""MultiPoint"",""coordinates"":[]}"
609,2018-08-16,"{""type"":""MultiPoint"",""coordinates"":[]}"
610,2018-09-01,"{""type"":""MultiPoint"",""coordinates"":[]}"
611,2018-09-08,"{""type"":""MultiPoint"",""coordinates"":[]}"
612,2018-09-17,"{""type"":""MultiPoint"",""coordinates"":[]}"
613,2018-09-24,"{""type"":""MultiPoint"",""coordinates"":[]}"
614,2018-10-03,"{""type"":""MultiPoint"",""coordinates"":[]}"
615,2018-10-19,"{""type"":""MultiPoint"",""coordinates"":[]}"
616,2018-10-26,"{""type"":""MultiPoint"",""coordinates"":[]}"
617,2018-11-04,"{""type"":""MultiPoint"",""coordinates"":[]}"
618,2018-11-11,"{""type"":""MultiPoint"",""coordinates"":[]}"
619,2018-11-11,"{""type"":""MultiPoint"",""coordinates"":[]}"
620,2018-11-20,"{""type"":""MultiPoint"",""coordinates"":[]}"
621,2018-12-13,"{""type"":""MultiPoint"",""coordinates"":[]}"
622,2018-12-13,"{""type"":""MultiPoint"",""coordinates"":[]}"
623,2018-12-22,"{""type"":""MultiPoint"",""coordinates"":[]}"
624,2019-01-07,"{""type"":""MultiPoint"",""coordinates"":[]}"
625,2019-01-14,"{""type"":""MultiPoint"",""coordinates"":[]}"
626,2019-01-23,"{""type"":""MultiPoint"",""coordinates"":[]}"
627,2019-02-08,"{""type"":""MultiPoint"",""coordinates"":[]}"
628,2019-02-24,"{""type"":""MultiPoint"",""coordinates"":[]}"
629,2019-03-12,"{""type"":""MultiPoint"",""coordinates"":[]}"
630,2019-03-19,"{""type"":""MultiPoint"",""coordinates"":[]}"
631,2019-03-19,"{""type"":""MultiPoint"",""coordinates"":[]}"
632,2019-03-28,"{""type"":""MultiPoint"",""coordinates"":[]}"
633,2019-04-04,"{""type"":""MultiPoint"",""coordinates"":[]}"
634,2019-04-13,"{""type"":""MultiPoint"",""coordinates"":[]}"
635,2019-05-15,"{""type"":""MultiPoint"",""coordinates"":[]}"
636,2019-05-22,"{""type"":""MultiPoint"",""coordinates"":[]}"
637,2019-05-22,"{""type"":""MultiPoint"",""coordinates"":[]}"
638,2019-06-07,"{""type"":""MultiPoint"",""coordinates"":[]}"
639,2019-06-07,"{""type"":""MultiPoint"",""coordinates"":[]}"
640,2019-06-23,"{""type"":""MultiPoint"",""coordinates"":[]}"
641,2019-06-23,"{""type"":""MultiPoint"",""coordinates"":[]}"
642,2019-07-02,"{""type"":""MultiPoint"",""coordinates"":[]}"
643,2019-07-18,"{""type"":""MultiPoint"",""coordinates"":[]}"
644,2019-07-25,"{""type"":""MultiPoint"",""coordinates"":[]}"
645,2019-07-25,"{""type"":""MultiPoint"",""coordinates"":[]}"
646,2019-08-03,"{""type"":""MultiPoint"",""coordinates"":[]}"
647,2019-08-10,"{""type"":""MultiPoint"",""coordinates"":[]}"
648,2019-08-10,"{""type"":""MultiPoint"",""coordinates"":[]}"
649,2019-08-26,"{""type"":""MultiPoint"",""coordinates"":[]}"
650,2019-08-26,"{""type"":""MultiPoint"",""coordinates"":[]}"
651,2019-09-11,"{""type"":""MultiPoint"",""coordinates"":[]}"
652,2019-09-11,"{""type"":""MultiPoint"",""coordinates"":[]}"
653,2019-09-20,"{""type"":""MultiPoint"",""coordinates"":[]}"
654,2019-10-06,"{""type"":""MultiPoint"",""coordinates"":[]}"
655,2019-10-29,"{""type"":""MultiPoint"",""coordinates"":[]}"
656,2019-10-29,"{""type"":""MultiPoint"",""coordinates"":[]}"
657,2019-11-07,"{""type"":""MultiPoint"",""coordinates"":[]}"
658,2019-11-23,"{""type"":""MultiPoint"",""coordinates"":[]}"
659,2019-11-30,"{""type"":""MultiPoint"",""coordinates"":[]}"
660,2019-11-30,"{""type"":""MultiPoint"",""coordinates"":[]}"
661,2019-12-09,"{""type"":""MultiPoint"",""coordinates"":[]}"
662,2019-12-16,"{""type"":""MultiPoint"",""coordinates"":[]}"
663,2019-12-25,"{""type"":""MultiPoint"",""coordinates"":[]}"
664,2020-01-10,"{""type"":""MultiPoint"",""coordinates"":[]}"
665,2020-01-26,"{""type"":""MultiPoint"",""coordinates"":[]}"
666,2020-02-11,"{""type"":""MultiPoint"",""coordinates"":[]}"
667,2020-02-18,"{""type"":""MultiPoint"",""coordinates"":[]}"
668,2020-02-18,"{""type"":""MultiPoint"",""coordinates"":[]}"
669,2020-02-27,"{""type"":""MultiPoint"",""coordinates"":[]}"
670,2020-03-14,"{""type"":""MultiPoint"",""coordinates"":[]}"
671,2020-03-30,"{""type"":""MultiPoint"",""coordinates"":[]}"
672,2020-04-06,"{""type"":""MultiPoint"",""coordinates"":[]}"
673,2020-04-06,"{""type"":""MultiPoint"",""coordinates"":[]}"
674,2020-04-15,"{""type"":""MultiPoint"",""coordinates"":[]}"
675,2020-05-01,"{""type"":""MultiPoint"",""coordinates"":[]}"
676,2020-05-17,"{""type"":""MultiPoint"",""coordinates"":[]}"
677,2020-05-24,"{""type"":""MultiPoint"",""coordinates"":[]}"
678,2020-05-24,"{""type"":""MultiPoint"",""coordinates"":[]}"
679,2020-06-09,"{""type"":""MultiPoint"",""coordinates"":[]}"
680,2020-06-09,"{""type"":""MultiPoint"",""coordinates"":[]}"
681,2020-08-05,"{""type"":""MultiPoint"",""coordinates"":[]}"
682,2020-08-12,"{""type"":""MultiPoint"",""coordinates"":[]}"
683,2020-08-21,"{""type"":""MultiPoint"",""coordinates"":[]}"
684,2020-08-28,"{""type"":""MultiPoint"",""coordinates"":[]}"
685,2020-09-06,"{""type"":""MultiPoint"",""coordinates"":[]}"
686,2020-09-13,"{""type"":""MultiPoint"",""coordinates"":[]}"
687,2020-09-13,"{""type"":""MultiPoint"",""coordinates"":[]}"
688,2020-09-22,"{""type"":""MultiPoint"",""coordinates"":[]}"
689,2020-10-08,"{""type"":""MultiPoint"",""coordinates"":[]}"
690,2020-10-24,"{""type"":""MultiPoint"",""coordinates"":[]}"
691,2020-11-09,"{""type"":""MultiPoint"",""coordinates"":[]}"
692,2020-11-25,"{""type"":""MultiPoint"",""coordinates"":[]}"
693,2020-12-11,"{""type"":""MultiPoint"",""coordinates"":[]}"
694,2020-12-18,"{""type"":""MultiPoint"",""coordinates"":[]}"
695,2020-12-27,"{""type"":""MultiPoint"",""coordinates"":[]}"
696,2021-01-12,"{""type"":""MultiPoint"",""coordinates"":[]}"
697,2021-01-28,"{""type"":""MultiPoint"",""coordinates"":[]}"
698,2021-02-13,"{""type"":""MultiPoint"",""coordinates"":[]}"
699,2021-04-02,"{""type"":""MultiPoint"",""coordinates"":[]}"
700,2021-04-09,"{""type"":""MultiPoint"",""coordinates"":[]}"
701,2021-04-09,"{""type"":""MultiPoint"",""coordinates"":[]}"
702,2021-04-18,"{""type"":""MultiPoint"",""coordinates"":[]}"
703,2021-05-20,"{""type"":""MultiPoint"",""coordinates"":[]}"
704,2021-06-05,"{""type"":""MultiPoint"",""coordinates"":[]}"
705,2021-06-21,"{""type"":""MultiPoint"",""coordinates"":[]}"
706,2021-06-28,"{""type"":""MultiPoint"",""coordinates"":[]}"
707,2021-06-28,"{""type"":""MultiPoint"",""coordinates"":[]}"
708,2021-07-07,"{""type"":""MultiPoint"",""coordinates"":[]}"
709,2021-07-23,"{""type"":""MultiPoint"",""coordinates"":[]}"
710,2021-08-31,"{""type"":""MultiPoint"",""coordinates"":[]}"
711,2021-08-31,"{""type"":""MultiPoint"",""coordinates"":[]}"
712,2021-09-09,"{""type"":""MultiPoint"",""coordinates"":[]}"
713,2021-09-25,"{""type"":""MultiPoint"",""coordinates"":[]}"
714,2021-10-02,"{""type"":""MultiPoint"",""coordinates"":[]}"
715,2021-10-11,"{""type"":""MultiPoint"",""coordinates"":[]}"
716,2021-10-27,"{""type"":""MultiPoint"",""coordinates"":[]}"
717,2021-11-12,"{""type"":""MultiPoint"",""coordinates"":[]}"
718,2021-11-28,"{""type"":""MultiPoint"",""coordinates"":[]}"
719,2021-12-14,"{""type"":""MultiPoint"",""coordinates"":[]}"
720,2021-12-30,"{""type"":""MultiPoint"",""coordinates"":[]}"
721,2022-01-07,"{""type"":""MultiPoint"",""coordinates"":[]}"
722,2022-01-14,"{""type"":""MultiPoint"",""coordinates"":[]}"
723,2022-01-23,"{""type"":""MultiPoint"",""coordinates"":[]}"
724,2022-02-08,"{""type"":""MultiPoint"",""coordinates"":[]}"
725,2022-02-24,"{""type"":""MultiPoint"",""coordinates"":[]}"
726,2022-03-28,"{""type"":""MultiPoint"",""coordinates"":[]}"
727,2022-04-04,"{""type"":""MultiPoint"",""coordinates"":[]}"
728,2022-04-04,"{""type"":""MultiPoint"",""coordinates"":[]}"
729,2022-04-13,"{""type"":""MultiPoint"",""coordinates"":[]}"
730,2022-04-29,"{""type"":""MultiPoint"",""coordinates"":[]}"
731,2022-05-15,"{""type"":""MultiPoint"",""coordinates"":[]}"
732,2022-05-22,"{""type"":""MultiPoint"",""coordinates"":[]}"
733,2022-05-22,"{""type"":""MultiPoint"",""coordinates"":[]}"
734,2022-06-16,"{""type"":""MultiPoint"",""coordinates"":[]}"
735,2022-07-18,"{""type"":""MultiPoint"",""coordinates"":[]}"
736,2022-08-19,"{""type"":""MultiPoint"",""coordinates"":[]}"
737,2022-09-04,"{""type"":""MultiPoint"",""coordinates"":[]}"
738,2022-10-06,"{""type"":""MultiPoint"",""coordinates"":[]}"
739,2022-10-13,"{""type"":""MultiPoint"",""coordinates"":[]}"
740,2022-10-22,"{""type"":""MultiPoint"",""coordinates"":[]}"
741,2022-11-07,"{""type"":""MultiPoint"",""coordinates"":[]}"
742,2022-11-14,"{""type"":""MultiPoint"",""coordinates"":[]}"
743,2022-11-14,"{""type"":""MultiPoint"",""coordinates"":[]}"
744,2022-11-23,"{""type"":""MultiPoint"",""coordinates"":[]}"
745,2022-12-09,"{""type"":""MultiPoint"",""coordinates"":[]}"
746,2023-01-01,"{""type"":""MultiPoint"",""coordinates"":[]}"
747,2023-01-01,"{""type"":""MultiPoint"",""coordinates"":[]}"
748,2023-01-26,"{""type"":""MultiPoint"",""coordinates"":[]}"
749,2023-02-11,"{""type"":""MultiPoint"",""coordinates"":[]}"
750,2023-02-18,"{""type"":""MultiPoint"",""coordinates"":[]}"
751,2023-02-27,"{""type"":""MultiPoint"",""coordinates"":[]}"
752,2023-03-15,"{""type"":""MultiPoint"",""coordinates"":[]}"
753,2023-03-31,"{""type"":""MultiPoint"",""coordinates"":[]}"
754,2023-04-16,"{""type"":""MultiPoint"",""coordinates"":[]}"
755,2023-05-02,"{""type"":""MultiPoint"",""coordinates"":[]}"
756,2023-05-18,"{""type"":""MultiPoint"",""coordinates"":[]}"
757,2023-05-25,"{""type"":""MultiPoint"",""coordinates"":[]}"
758,2023-06-10,"{""type"":""MultiPoint"",""coordinates"":[]}"
759,2023-06-10,"{""type"":""MultiPoint"",""coordinates"":[]}"
760,2023-06-19,"{""type"":""MultiPoint"",""coordinates"":[]}"
761,2023-07-05,"{""type"":""MultiPoint"",""coordinates"":[]}"
762,2023-07-12,"{""type"":""MultiPoint"",""coordinates"":[]}"
763,2023-08-06,"{""type"":""MultiPoint"",""coordinates"":[]}"
764,2023-08-13,"{""type"":""MultiPoint"",""coordinates"":[]}"
765,2023-08-29,"{""type"":""MultiPoint"",""coordinates"":[]}"
766,2023-08-29,"{""type"":""MultiPoint"",""coordinates"":[]}"
767,2023-09-07,"{""type"":""MultiPoint"",""coordinates"":[]}"
768,2023-09-14,"{""type"":""MultiPoint"",""coordinates"":[]}"
769,2023-09-14,"{""type"":""MultiPoint"",""coordinates"":[]}"
770,2023-10-09,"{""type"":""MultiPoint"",""coordinates"":[]}"
771,2023-10-16,"{""type"":""MultiPoint"",""coordinates"":[]}"
772,2023-10-25,"{""type"":""MultiPoint"",""coordinates"":[]}"
773,2023-11-26,"{""type"":""MultiPoint"",""coordinates"":[]}"
774,2023-12-03,"{""type"":""MultiPoint"",""coordinates"":[]}"
775,2023-12-03,"{""type"":""MultiPoint"",""coordinates"":[]}"
776,2023-12-12,"{""type"":""MultiPoint"",""coordinates"":[]}"
777,2024-01-13,"{""type"":""MultiPoint"",""coordinates"":[]}"
778,2024-01-29,"{""type"":""MultiPoint"",""coordinates"":[]}"
779,2024-02-14,"{""type"":""MultiPoint"",""coordinates"":[]}"
780,2024-02-21,"{""type"":""MultiPoint"",""coordinates"":[]}"
781,2024-03-01,"{""type"":""MultiPoint"",""coordinates"":[]}"
782,2024-03-08,"{""type"":""MultiPoint"",""coordinates"":[]}"
783,2024-03-08,"{""type"":""MultiPoint"",""coordinates"":[]}"
784,2024-03-17,"{""type"":""MultiPoint"",""coordinates"":[]}"
785,2024-04-02,"{""type"":""MultiPoint"",""coordinates"":[]}"
786,2024-04-18,"{""type"":""MultiPoint"",""coordinates"":[]}"
787,2024-04-25,"{""type"":""MultiPoint"",""coordinates"":[]}"
788,2024-04-25,"{""type"":""MultiPoint"",""coordinates"":[]}"
789,2024-05-04,"{""type"":""MultiPoint"",""coordinates"":[]}"
790,2024-05-11,"{""type"":""MultiPoint"",""coordinates"":[]}"
791,2024-05-11,"{""type"":""MultiPoint"",""coordinates"":[]}"
792,2024-05-27,"{""type"":""MultiPoint"",""coordinates"":[]}"
793,2024-07-07,"{""type"":""MultiPoint"",""coordinates"":[]}"
794,2024-08-08,"{""type"":""MultiPoint"",""coordinates"":[]}"
795,2024-08-24,"{""type"":""MultiPoint"",""coordinates"":[]}"
796,2024-08-31,"{""type"":""MultiPoint"",""coordinates"":[]}"
797,2024-08-31,"{""type"":""MultiPoint"",""coordinates"":[]}"
798,2024-09-25,"{""type"":""MultiPoint"",""coordinates"":[]}"
799,2024-10-02,"{""type"":""MultiPoint"",""coordinates"":[]}"
800,2024-10-02,"{""type"":""MultiPoint"",""coordinates"":[]}"
801,2024-10-11,"{""type"":""MultiPoint"",""coordinates"":[]}"
802,2024-10-27,"{""type"":""MultiPoint"",""coordinates"":[]}"
803,2024-11-03,"{""type"":""MultiPoint"",""coordinates"":[]}"
804,2024-11-12,"{""type"":""MultiPoint"",""coordinates"":[]}"
805,2024-11-28,"{""type"":""MultiPoint"",""coordinates"":[]}"
806,2024-12-05,"{""type"":""MultiPoint"",""coordinates"":[]}"
807,2024-12-14,"{""type"":""MultiPoint"",""coordinates"":[]}"
808,2024-12-21,"{""type"":""MultiPoint"",""coordinates"":[]}"
809,2024-12-30,"{""type"":""MultiPoint"",""coordinates"":[]}"
810,2025-01-31,"{""type"":""MultiPoint"",""coordinates"":[]}"
811,2025-02-16,"{""type"":""MultiPoint"",""coordinates"":[]}"
812,2025-03-04,"{""type"":""MultiPoint"",""coordinates"":[]}"
813,2025-03-27,"{""type"":""MultiPoint"",""coordinates"":[]}"
814,2025-04-05,"{""type"":""MultiPoint"",""coordinates"":[]}"
815,2025-04-12,"{""type"":""MultiPoint"",""coordinates"":[]}"
816,2025-04-12,"{""type"":""MultiPoint"",""coordinates"":[]}"
817,2025-04-21,"{""type"":""MultiPoint"",""coordinates"":[]}"
